index,Year,Period,Avg hrs per day sleeping,Standard Error,Type of Days,Age Group,Activity,Sex
0,2003,Annual,8.57,0.018,All days,15 years and over,Sleeping,Both
1,2004,Annual,8.55,0.026,All days,15 years and over,Sleeping,Both
2,2005,Annual,8.62,0.023,All days,15 years and over,Sleeping,Both
3,2006,Annual,8.63,0.024,All days,15 years and over,Sleeping,Both
4,2007,Annual,8.57,0.024,All days,15 years and over,Sleeping,Both
5,2008,Annual,8.6,0.023,All days,15 years and over,Sleeping,Both
6,2009,Annual,8.67,0.023,All days,15 years and over,Sleeping,Both
7,2010,Annual,8.67,0.024,All days,15 years and over,Sleeping,Both
8,2011,Annual,8.71,0.026,All days,15 years and over,Sleeping,Both
9,2012,Annual,8.73,0.026,All days,15 years and over,Sleeping,Both
10,2013,Annual,8.74,0.027,All days,15 years and over,Sleeping,Both
11,2014,Annual,8.8,0.025,All days,15 years and over,Sleeping,Both
12,2015,Annual,8.83,0.027,All days,15 years and over,Sleeping,Both
13,2016,Annual,8.79,0.028,All days,15 years and over,Sleeping,Both
14,2017,Annual,8.8,0.027,All days,15 years and over,Sleeping,Both
15,2003,Annual,8.26,0.023,Nonholiday weekdays,15 years and over,Sleeping,Both
16,2004,Annual,8.25,0.034,Nonholiday weekdays,15 years and over,Sleeping,Both
17,2005,Annual,8.35,0.03,Nonholiday weekdays,15 years and over,Sleeping,Both
18,2006,Annual,8.33,0.032,Nonholiday weekdays,15 years and over,Sleeping,Both
19,2007,Annual,8.29,0.032,Nonholiday weekdays,15 years and over,Sleeping,Both
20,2008,Annual,8.3,0.032,Nonholiday weekdays,15 years and over,Sleeping,Both
21,2009,Annual,8.39,0.031,Nonholiday weekdays,15 years and over,Sleeping,Both
22,2010,Annual,8.38,0.031,Nonholiday weekdays,15 years and over,Sleeping,Both
23,2011,Annual,8.45,0.034,Nonholiday weekdays,15 years and over,Sleeping,Both
24,2012,Annual,8.45,0.034,Nonholiday weekdays,15 years and over,Sleeping,Both
25,2013,Annual,8.48,0.036,Nonholiday weekdays,15 years and over,Sleeping,Both
26,2014,Annual,8.54,0.031,Nonholiday weekdays,15 years and over,Sleeping,Both
27,2015,Annual,8.59,0.035,Nonholiday weekdays,15 years and over,Sleeping,Both
28,2016,Annual,8.5,0.037,Nonholiday weekdays,15 years and over,Sleeping,Both
29,2017,Annual,8.53,0.035,Nonholiday weekdays,15 years and over,Sleeping,Both
30,2003,Annual,9.29,0.026,Weekend days and holidays,15 years and over,Sleeping,Both
31,2004,Annual,9.25,0.032,Weekend days and holidays,15 years and over,Sleeping,Both
32,2005,Annual,9.28,0.037,Weekend days and holidays,15 years and over,Sleeping,Both
33,2006,Annual,9.32,0.036,Weekend days and holidays,15 years and over,Sleeping,Both
34,2007,Annual,9.24,0.035,Weekend days and holidays,15 years and over,Sleeping,Both
35,2008,Annual,9.31,0.036,Weekend days and holidays,15 years and over,Sleeping,Both
36,2009,Annual,9.33,0.031,Weekend days and holidays,15 years and over,Sleeping,Both
37,2010,Annual,9.34,0.032,Weekend days and holidays,15 years and over,Sleeping,Both
38,2011,Annual,9.35,0.04,Weekend days and holidays,15 years and over,Sleeping,Both
39,2012,Annual,9.39,0.036,Weekend days and holidays,15 years and over,Sleeping,Both
40,2013,Annual,9.34,0.039,Weekend days and holidays,15 years and over,Sleeping,Both
41,2014,Annual,9.4,0.035,Weekend days and holidays,15 years and over,Sleeping,Both
42,2015,Annual,9.4,0.041,Weekend days and holidays,15 years and over,Sleeping,Both
43,2016,Annual,9.48,0.04,Weekend days and holidays,15 years and over,Sleeping,Both
44,2017,Annual,9.44,0.035,Weekend days and holidays,15 years and over,Sleeping,Both
45,2003,Annual,9.15,0.06,All days,15 to 24 years,Sleeping,Both
46,2004,Annual,9.23,0.081,All days,15 to 24 years,Sleeping,Both
47,2005,Annual,9.27,0.077,All days,15 to 24 years,Sleeping,Both
48,2006,Annual,9.19,0.064,All days,15 to 24 years,Sleeping,Both
49,2007,Annual,9.11,0.085,All days,15 to 24 years,Sleeping,Both
50,2008,Annual,9.2,0.0869999999999999,All days,15 to 24 years,Sleeping,Both
51,2009,Annual,9.45,0.082,All days,15 to 24 years,Sleeping,Both
52,2010,Annual,9.24,0.082,All days,15 to 24 years,Sleeping,Both
53,2011,Annual,9.32,0.0739999999999999,All days,15 to 24 years,Sleeping,Both
54,2012,Annual,9.34,0.081,All days,15 to 24 years,Sleeping,Both
55,2013,Annual,9.34,0.093,All days,15 to 24 years,Sleeping,Both
56,2014,Annual,9.53,0.091,All days,15 to 24 years,Sleeping,Both
57,2015,Annual,9.58,0.106,All days,15 to 24 years,Sleeping,Both
58,2016,Annual,9.55,0.104,All days,15 to 24 years,Sleeping,Both
59,2017,Annual,9.72,0.101,All days,15 to 24 years,Sleeping,Both
60,2003,Annual,8.75,0.08,Nonholiday weekdays,15 to 24 years,Sleeping,Both
61,2004,Annual,8.79,0.113,Nonholiday weekdays,15 to 24 years,Sleeping,Both
62,2005,Annual,9.01,0.1,Nonholiday weekdays,15 to 24 years,Sleeping,Both
63,2006,Annual,8.84,0.085,Nonholiday weekdays,15 to 24 years,Sleeping,Both
64,2007,Annual,8.71,0.105,Nonholiday weekdays,15 to 24 years,Sleeping,Both
65,2008,Annual,8.83,0.106,Nonholiday weekdays,15 to 24 years,Sleeping,Both
66,2009,Annual,9.19,0.109,Nonholiday weekdays,15 to 24 years,Sleeping,Both
67,2010,Annual,8.94,0.109,Nonholiday weekdays,15 to 24 years,Sleeping,Both
68,2011,Annual,8.99,0.093,Nonholiday weekdays,15 to 24 years,Sleeping,Both
69,2012,Annual,8.95,0.111,Nonholiday weekdays,15 to 24 years,Sleeping,Both
70,2013,Annual,9.0,0.116,Nonholiday weekdays,15 to 24 years,Sleeping,Both
71,2014,Annual,9.31,0.118,Nonholiday weekdays,15 to 24 years,Sleeping,Both
72,2015,Annual,9.39,0.129,Nonholiday weekdays,15 to 24 years,Sleeping,Both
73,2016,Annual,9.12,0.129,Nonholiday weekdays,15 to 24 years,Sleeping,Both
74,2017,Annual,9.38,0.133,Nonholiday weekdays,15 to 24 years,Sleeping,Both
75,2003,Annual,10.1,0.0859999999999999,Weekend days and holidays,15 to 24 years,Sleeping,Both
76,2004,Annual,10.28,0.115,Weekend days and holidays,15 to 24 years,Sleeping,Both
77,2005,Annual,9.89,0.1,Weekend days and holidays,15 to 24 years,Sleeping,Both
78,2006,Annual,10.03,0.109,Weekend days and holidays,15 to 24 years,Sleeping,Both
79,2007,Annual,10.0,0.123,Weekend days and holidays,15 to 24 years,Sleeping,Both
80,2008,Annual,10.04,0.128,Weekend days and holidays,15 to 24 years,Sleeping,Both
81,2009,Annual,10.04,0.104,Weekend days and holidays,15 to 24 years,Sleeping,Both
82,2010,Annual,9.96,0.105,Weekend days and holidays,15 to 24 years,Sleeping,Both
83,2011,Annual,10.13,0.133,Weekend days and holidays,15 to 24 years,Sleeping,Both
84,2012,Annual,10.25,0.1,Weekend days and holidays,15 to 24 years,Sleeping,Both
85,2013,Annual,10.16,0.136,Weekend days and holidays,15 to 24 years,Sleeping,Both
86,2014,Annual,10.06,0.109,Weekend days and holidays,15 to 24 years,Sleeping,Both
87,2015,Annual,10.02,0.141,Weekend days and holidays,15 to 24 years,Sleeping,Both
88,2016,Annual,10.58,0.129,Weekend days and holidays,15 to 24 years,Sleeping,Both
89,2017,Annual,10.48,0.113,Weekend days and holidays,15 to 24 years,Sleeping,Both
90,2003,Annual,8.52,0.043,All days,25 to 34 years,Sleeping,Both
91,2004,Annual,8.46,0.068,All days,25 to 34 years,Sleeping,Both
92,2005,Annual,8.65,0.057,All days,25 to 34 years,Sleeping,Both
93,2006,Annual,8.58,0.063,All days,25 to 34 years,Sleeping,Both
94,2007,Annual,8.57,0.067,All days,25 to 34 years,Sleeping,Both
95,2008,Annual,8.54,0.065,All days,25 to 34 years,Sleeping,Both
96,2009,Annual,8.54,0.066,All days,25 to 34 years,Sleeping,Both
97,2010,Annual,8.58,0.063,All days,25 to 34 years,Sleeping,Both
98,2011,Annual,8.6,0.057,All days,25 to 34 years,Sleeping,Both
99,2012,Annual,8.76,0.061,All days,25 to 34 years,Sleeping,Both
100,2013,Annual,8.65,0.066,All days,25 to 34 years,Sleeping,Both
101,2014,Annual,8.77,0.062,All days,25 to 34 years,Sleeping,Both
102,2015,Annual,8.87,0.0739999999999999,All days,25 to 34 years,Sleeping,Both
103,2016,Annual,8.71,0.066,All days,25 to 34 years,Sleeping,Both
104,2017,Annual,8.76,0.0739999999999999,All days,25 to 34 years,Sleeping,Both
105,2003,Annual,8.18,0.053,Nonholiday weekdays,25 to 34 years,Sleeping,Both
106,2004,Annual,8.08,0.0889999999999999,Nonholiday weekdays,25 to 34 years,Sleeping,Both
107,2005,Annual,8.24,0.07,Nonholiday weekdays,25 to 34 years,Sleeping,Both
108,2006,Annual,8.19,0.082,Nonholiday weekdays,25 to 34 years,Sleeping,Both
109,2007,Annual,8.22,0.0889999999999999,Nonholiday weekdays,25 to 34 years,Sleeping,Both
110,2008,Annual,8.16,0.0859999999999999,Nonholiday weekdays,25 to 34 years,Sleeping,Both
111,2009,Annual,8.18,0.083,Nonholiday weekdays,25 to 34 years,Sleeping,Both
112,2010,Annual,8.25,0.079,Nonholiday weekdays,25 to 34 years,Sleeping,Both
113,2011,Annual,8.26,0.077,Nonholiday weekdays,25 to 34 years,Sleeping,Both
114,2012,Annual,8.45,0.076,Nonholiday weekdays,25 to 34 years,Sleeping,Both
115,2013,Annual,8.34,0.0859999999999999,Nonholiday weekdays,25 to 34 years,Sleeping,Both
116,2014,Annual,8.44,0.082,Nonholiday weekdays,25 to 34 years,Sleeping,Both
117,2015,Annual,8.63,0.094,Nonholiday weekdays,25 to 34 years,Sleeping,Both
118,2016,Annual,8.36,0.0879999999999999,Nonholiday weekdays,25 to 34 years,Sleeping,Both
119,2017,Annual,8.41,0.094,Nonholiday weekdays,25 to 34 years,Sleeping,Both
120,2003,Annual,9.34,0.064,Weekend days and holidays,25 to 34 years,Sleeping,Both
121,2004,Annual,9.37,0.08,Weekend days and holidays,25 to 34 years,Sleeping,Both
122,2005,Annual,9.6,0.101,Weekend days and holidays,25 to 34 years,Sleeping,Both
123,2006,Annual,9.47,0.077,Weekend days and holidays,25 to 34 years,Sleeping,Both
124,2007,Annual,9.4,0.0859999999999999,Weekend days and holidays,25 to 34 years,Sleeping,Both
125,2008,Annual,9.45,0.084,Weekend days and holidays,25 to 34 years,Sleeping,Both
126,2009,Annual,9.43,0.084,Weekend days and holidays,25 to 34 years,Sleeping,Both
127,2010,Annual,9.4,0.092,Weekend days and holidays,25 to 34 years,Sleeping,Both
128,2011,Annual,9.39,0.104,Weekend days and holidays,25 to 34 years,Sleeping,Both
129,2012,Annual,9.49,0.0879999999999999,Weekend days and holidays,25 to 34 years,Sleeping,Both
130,2013,Annual,9.37,0.093,Weekend days and holidays,25 to 34 years,Sleeping,Both
131,2014,Annual,9.52,0.092,Weekend days and holidays,25 to 34 years,Sleeping,Both
132,2015,Annual,9.43,0.092,Weekend days and holidays,25 to 34 years,Sleeping,Both
133,2016,Annual,9.55,0.092,Weekend days and holidays,25 to 34 years,Sleeping,Both
134,2017,Annual,9.56,0.103,Weekend days and holidays,25 to 34 years,Sleeping,Both
135,2003,Annual,8.34,0.042,All days,35 to 44 years,Sleeping,Both
136,2004,Annual,8.25,0.056,All days,35 to 44 years,Sleeping,Both
137,2005,Annual,8.37,0.043,All days,35 to 44 years,Sleeping,Both
138,2006,Annual,8.39,0.052,All days,35 to 44 years,Sleeping,Both
139,2007,Annual,8.35,0.052,All days,35 to 44 years,Sleeping,Both
140,2008,Annual,8.38,0.046,All days,35 to 44 years,Sleeping,Both
141,2009,Annual,8.41,0.047,All days,35 to 44 years,Sleeping,Both
142,2010,Annual,8.4,0.049,All days,35 to 44 years,Sleeping,Both
143,2011,Annual,8.43,0.053,All days,35 to 44 years,Sleeping,Both
144,2012,Annual,8.52,0.052,All days,35 to 44 years,Sleeping,Both
145,2013,Annual,8.52,0.046,All days,35 to 44 years,Sleeping,Both
146,2014,Annual,8.42,0.054,All days,35 to 44 years,Sleeping,Both
147,2015,Annual,8.67,0.0729999999999999,All days,35 to 44 years,Sleeping,Both
148,2016,Annual,8.5,0.062,All days,35 to 44 years,Sleeping,Both
149,2017,Annual,8.57,0.065,All days,35 to 44 years,Sleeping,Both
150,2003,Annual,8.0,0.053,Nonholiday weekdays,35 to 44 years,Sleeping,Both
151,2004,Annual,7.95,0.0729999999999999,Nonholiday weekdays,35 to 44 years,Sleeping,Both
152,2005,Annual,8.02,0.059,Nonholiday weekdays,35 to 44 years,Sleeping,Both
153,2006,Annual,8.05,0.069,Nonholiday weekdays,35 to 44 years,Sleeping,Both
154,2007,Annual,8.03,0.07,Nonholiday weekdays,35 to 44 years,Sleeping,Both
155,2008,Annual,8.04,0.058,Nonholiday weekdays,35 to 44 years,Sleeping,Both
156,2009,Annual,8.09,0.059,Nonholiday weekdays,35 to 44 years,Sleeping,Both
157,2010,Annual,8.05,0.066,Nonholiday weekdays,35 to 44 years,Sleeping,Both
158,2011,Annual,8.08,0.068,Nonholiday weekdays,35 to 44 years,Sleeping,Both
159,2012,Annual,8.19,0.07,Nonholiday weekdays,35 to 44 years,Sleeping,Both
160,2013,Annual,8.18,0.061,Nonholiday weekdays,35 to 44 years,Sleeping,Both
161,2014,Annual,8.02,0.065,Nonholiday weekdays,35 to 44 years,Sleeping,Both
162,2015,Annual,8.36,0.093,Nonholiday weekdays,35 to 44 years,Sleeping,Both
163,2016,Annual,8.14,0.0859999999999999,Nonholiday weekdays,35 to 44 years,Sleeping,Both
164,2017,Annual,8.23,0.084,Nonholiday weekdays,35 to 44 years,Sleeping,Both
165,2003,Annual,9.16,0.049,Weekend days and holidays,35 to 44 years,Sleeping,Both
166,2004,Annual,8.99,0.063,Weekend days and holidays,35 to 44 years,Sleeping,Both
167,2005,Annual,9.21,0.067,Weekend days and holidays,35 to 44 years,Sleeping,Both
168,2006,Annual,9.16,0.0739999999999999,Weekend days and holidays,35 to 44 years,Sleeping,Both
169,2007,Annual,9.12,0.064,Weekend days and holidays,35 to 44 years,Sleeping,Both
170,2008,Annual,9.17,0.083,Weekend days and holidays,35 to 44 years,Sleeping,Both
171,2009,Annual,9.17,0.067,Weekend days and holidays,35 to 44 years,Sleeping,Both
172,2010,Annual,9.23,0.06,Weekend days and holidays,35 to 44 years,Sleeping,Both
173,2011,Annual,9.25,0.0869999999999999,Weekend days and holidays,35 to 44 years,Sleeping,Both
174,2012,Annual,9.28,0.07,Weekend days and holidays,35 to 44 years,Sleeping,Both
175,2013,Annual,9.32,0.072,Weekend days and holidays,35 to 44 years,Sleeping,Both
176,2014,Annual,9.33,0.076,Weekend days and holidays,35 to 44 years,Sleeping,Both
177,2015,Annual,9.41,0.0879999999999999,Weekend days and holidays,35 to 44 years,Sleeping,Both
178,2016,Annual,9.34,0.09,Weekend days and holidays,35 to 44 years,Sleeping,Both
179,2017,Annual,9.37,0.0879999999999999,Weekend days and holidays,35 to 44 years,Sleeping,Both
180,2003,Annual,8.17,0.036,All days,45 to 54 years,Sleeping,Both
181,2004,Annual,8.17,0.047,All days,45 to 54 years,Sleeping,Both
182,2005,Annual,8.2,0.054,All days,45 to 54 years,Sleeping,Both
183,2006,Annual,8.3,0.056,All days,45 to 54 years,Sleeping,Both
184,2007,Annual,8.24,0.059,All days,45 to 54 years,Sleeping,Both
185,2008,Annual,8.27,0.059,All days,45 to 54 years,Sleeping,Both
186,2009,Annual,8.29,0.043,All days,45 to 54 years,Sleeping,Both
187,2010,Annual,8.26,0.05,All days,45 to 54 years,Sleeping,Both
188,2011,Annual,8.37,0.06,All days,45 to 54 years,Sleeping,Both
189,2012,Annual,8.42,0.059,All days,45 to 54 years,Sleeping,Both
190,2013,Annual,8.51,0.055,All days,45 to 54 years,Sleeping,Both
191,2014,Annual,8.57,0.059,All days,45 to 54 years,Sleeping,Both
192,2015,Annual,8.36,0.056,All days,45 to 54 years,Sleeping,Both
193,2016,Annual,8.45,0.068,All days,45 to 54 years,Sleeping,Both
194,2017,Annual,8.5,0.0729999999999999,All days,45 to 54 years,Sleeping,Both
195,2003,Annual,7.85,0.046,Nonholiday weekdays,45 to 54 years,Sleeping,Both
196,2004,Annual,7.86,0.06,Nonholiday weekdays,45 to 54 years,Sleeping,Both
197,2005,Annual,7.89,0.07,Nonholiday weekdays,45 to 54 years,Sleeping,Both
198,2006,Annual,7.92,0.077,Nonholiday weekdays,45 to 54 years,Sleeping,Both
199,2007,Annual,7.95,0.071,Nonholiday weekdays,45 to 54 years,Sleeping,Both
200,2008,Annual,7.94,0.0749999999999999,Nonholiday weekdays,45 to 54 years,Sleeping,Both
201,2009,Annual,7.95,0.054,Nonholiday weekdays,45 to 54 years,Sleeping,Both
202,2010,Annual,7.89,0.066,Nonholiday weekdays,45 to 54 years,Sleeping,Both
203,2011,Annual,8.1,0.0739999999999999,Nonholiday weekdays,45 to 54 years,Sleeping,Both
204,2012,Annual,8.07,0.07,Nonholiday weekdays,45 to 54 years,Sleeping,Both
205,2013,Annual,8.22,0.069,Nonholiday weekdays,45 to 54 years,Sleeping,Both
206,2014,Annual,8.23,0.0729999999999999,Nonholiday weekdays,45 to 54 years,Sleeping,Both
207,2015,Annual,7.97,0.07,Nonholiday weekdays,45 to 54 years,Sleeping,Both
208,2016,Annual,8.13,0.0869999999999999,Nonholiday weekdays,45 to 54 years,Sleeping,Both
209,2017,Annual,8.22,0.1,Nonholiday weekdays,45 to 54 years,Sleeping,Both
210,2003,Annual,8.93,0.054,Weekend days and holidays,45 to 54 years,Sleeping,Both
211,2004,Annual,8.9,0.069,Weekend days and holidays,45 to 54 years,Sleeping,Both
212,2005,Annual,8.95,0.0739999999999999,Weekend days and holidays,45 to 54 years,Sleeping,Both
213,2006,Annual,9.18,0.078,Weekend days and holidays,45 to 54 years,Sleeping,Both
214,2007,Annual,8.92,0.0889999999999999,Weekend days and holidays,45 to 54 years,Sleeping,Both
215,2008,Annual,9.05,0.069,Weekend days and holidays,45 to 54 years,Sleeping,Both
216,2009,Annual,9.06,0.084,Weekend days and holidays,45 to 54 years,Sleeping,Both
217,2010,Annual,9.12,0.0749999999999999,Weekend days and holidays,45 to 54 years,Sleeping,Both
218,2011,Annual,9.02,0.0739999999999999,Weekend days and holidays,45 to 54 years,Sleeping,Both
219,2012,Annual,9.22,0.103,Weekend days and holidays,45 to 54 years,Sleeping,Both
220,2013,Annual,9.17,0.0869999999999999,Weekend days and holidays,45 to 54 years,Sleeping,Both
221,2014,Annual,9.37,0.084,Weekend days and holidays,45 to 54 years,Sleeping,Both
222,2015,Annual,9.32,0.081,Weekend days and holidays,45 to 54 years,Sleeping,Both
223,2016,Annual,9.2,0.0889999999999999,Weekend days and holidays,45 to 54 years,Sleeping,Both
224,2017,Annual,9.15,0.092,Weekend days and holidays,45 to 54 years,Sleeping,Both
225,2003,Annual,8.36,0.04,All days,55 to 64 years,Sleeping,Both
226,2004,Annual,8.3,0.054,All days,55 to 64 years,Sleeping,Both
227,2005,Annual,8.28,0.054,All days,55 to 64 years,Sleeping,Both
228,2006,Annual,8.4,0.063,All days,55 to 64 years,Sleeping,Both
229,2007,Annual,8.26,0.06,All days,55 to 64 years,Sleeping,Both
230,2008,Annual,8.26,0.055,All days,55 to 64 years,Sleeping,Both
231,2009,Annual,8.43,0.055,All days,55 to 64 years,Sleeping,Both
232,2010,Annual,8.5,0.053,All days,55 to 64 years,Sleeping,Both
233,2011,Annual,8.47,0.051,All days,55 to 64 years,Sleeping,Both
234,2012,Annual,8.47,0.057,All days,55 to 64 years,Sleeping,Both
235,2013,Annual,8.49,0.054,All days,55 to 64 years,Sleeping,Both
236,2014,Annual,8.43,0.049,All days,55 to 64 years,Sleeping,Both
237,2015,Annual,8.51,0.059,All days,55 to 64 years,Sleeping,Both
238,2016,Annual,8.53,0.065,All days,55 to 64 years,Sleeping,Both
239,2017,Annual,8.41,0.06,All days,55 to 64 years,Sleeping,Both
240,2003,Annual,8.12,0.051,Nonholiday weekdays,55 to 64 years,Sleeping,Both
241,2004,Annual,8.1,0.068,Nonholiday weekdays,55 to 64 years,Sleeping,Both
242,2005,Annual,8.07,0.068,Nonholiday weekdays,55 to 64 years,Sleeping,Both
243,2006,Annual,8.16,0.078,Nonholiday weekdays,55 to 64 years,Sleeping,Both
244,2007,Annual,8.06,0.076,Nonholiday weekdays,55 to 64 years,Sleeping,Both
245,2008,Annual,8.0,0.066,Nonholiday weekdays,55 to 64 years,Sleeping,Both
246,2009,Annual,8.17,0.07,Nonholiday weekdays,55 to 64 years,Sleeping,Both
247,2010,Annual,8.26,0.066,Nonholiday weekdays,55 to 64 years,Sleeping,Both
248,2011,Annual,8.24,0.069,Nonholiday weekdays,55 to 64 years,Sleeping,Both
249,2012,Annual,8.25,0.077,Nonholiday weekdays,55 to 64 years,Sleeping,Both
250,2013,Annual,8.32,0.0749999999999999,Nonholiday weekdays,55 to 64 years,Sleeping,Both
251,2014,Annual,8.21,0.063,Nonholiday weekdays,55 to 64 years,Sleeping,Both
252,2015,Annual,8.31,0.0749999999999999,Nonholiday weekdays,55 to 64 years,Sleeping,Both
253,2016,Annual,8.28,0.077,Nonholiday weekdays,55 to 64 years,Sleeping,Both
254,2017,Annual,8.15,0.076,Nonholiday weekdays,55 to 64 years,Sleeping,Both
255,2003,Annual,8.92,0.064,Weekend days and holidays,55 to 64 years,Sleeping,Both
256,2004,Annual,8.78,0.068,Weekend days and holidays,55 to 64 years,Sleeping,Both
257,2005,Annual,8.77,0.082,Weekend days and holidays,55 to 64 years,Sleeping,Both
258,2006,Annual,8.96,0.093,Weekend days and holidays,55 to 64 years,Sleeping,Both
259,2007,Annual,8.73,0.081,Weekend days and holidays,55 to 64 years,Sleeping,Both
260,2008,Annual,8.89,0.081,Weekend days and holidays,55 to 64 years,Sleeping,Both
261,2009,Annual,9.06,0.0859999999999999,Weekend days and holidays,55 to 64 years,Sleeping,Both
262,2010,Annual,9.08,0.077,Weekend days and holidays,55 to 64 years,Sleeping,Both
263,2011,Annual,9.02,0.085,Weekend days and holidays,55 to 64 years,Sleeping,Both
264,2012,Annual,8.98,0.0879999999999999,Weekend days and holidays,55 to 64 years,Sleeping,Both
265,2013,Annual,8.88,0.071,Weekend days and holidays,55 to 64 years,Sleeping,Both
266,2014,Annual,8.97,0.071,Weekend days and holidays,55 to 64 years,Sleeping,Both
267,2015,Annual,8.98,0.085,Weekend days and holidays,55 to 64 years,Sleeping,Both
268,2016,Annual,9.12,0.093,Weekend days and holidays,55 to 64 years,Sleeping,Both
269,2017,Annual,9.02,0.0739999999999999,Weekend days and holidays,55 to 64 years,Sleeping,Both
270,2003,Annual,8.86,0.039,All days,65 years and over,Sleeping,Both
271,2004,Annual,8.86,0.041,All days,65 years and over,Sleeping,Both
272,2005,Annual,8.96,0.057,All days,65 years and over,Sleeping,Both
273,2006,Annual,8.91,0.054,All days,65 years and over,Sleeping,Both
274,2007,Annual,8.91,0.061,All days,65 years and over,Sleeping,Both
275,2008,Annual,8.94,0.057,All days,65 years and over,Sleeping,Both
276,2009,Annual,8.91,0.05,All days,65 years and over,Sleeping,Both
277,2010,Annual,9.02,0.053,All days,65 years and over,Sleeping,Both
278,2011,Annual,9.08,0.056,All days,65 years and over,Sleeping,Both
279,2012,Annual,8.84,0.053,All days,65 years and over,Sleeping,Both
280,2013,Annual,8.87,0.051,All days,65 years and over,Sleeping,Both
281,2014,Annual,9.0,0.055,All days,65 years and over,Sleeping,Both
282,2015,Annual,8.97,0.047,All days,65 years and over,Sleeping,Both
283,2016,Annual,8.94,0.047,All days,65 years and over,Sleeping,Both
284,2017,Annual,8.84,0.054,All days,65 years and over,Sleeping,Both
285,2003,Annual,8.74,0.049,Nonholiday weekdays,65 years and over,Sleeping,Both
286,2004,Annual,8.77,0.054,Nonholiday weekdays,65 years and over,Sleeping,Both
287,2005,Annual,8.88,0.071,Nonholiday weekdays,65 years and over,Sleeping,Both
288,2006,Annual,8.87,0.072,Nonholiday weekdays,65 years and over,Sleeping,Both
289,2007,Annual,8.81,0.079,Nonholiday weekdays,65 years and over,Sleeping,Both
290,2008,Annual,8.86,0.072,Nonholiday weekdays,65 years and over,Sleeping,Both
291,2009,Annual,8.78,0.065,Nonholiday weekdays,65 years and over,Sleeping,Both
292,2010,Annual,8.95,0.065,Nonholiday weekdays,65 years and over,Sleeping,Both
293,2011,Annual,8.99,0.072,Nonholiday weekdays,65 years and over,Sleeping,Both
294,2012,Annual,8.74,0.066,Nonholiday weekdays,65 years and over,Sleeping,Both
295,2013,Annual,8.76,0.068,Nonholiday weekdays,65 years and over,Sleeping,Both
296,2014,Annual,8.95,0.072,Nonholiday weekdays,65 years and over,Sleeping,Both
297,2015,Annual,8.86,0.062,Nonholiday weekdays,65 years and over,Sleeping,Both
298,2016,Annual,8.87,0.061,Nonholiday weekdays,65 years and over,Sleeping,Both
299,2017,Annual,8.75,0.07,Nonholiday weekdays,65 years and over,Sleeping,Both
300,2003,Annual,9.15,0.051,Weekend days and holidays,65 years and over,Sleeping,Both
301,2004,Annual,9.06,0.057,Weekend days and holidays,65 years and over,Sleeping,Both
302,2005,Annual,9.15,0.076,Weekend days and holidays,65 years and over,Sleeping,Both
303,2006,Annual,9.02,0.069,Weekend days and holidays,65 years and over,Sleeping,Both
304,2007,Annual,9.16,0.079,Weekend days and holidays,65 years and over,Sleeping,Both
305,2008,Annual,9.14,0.08,Weekend days and holidays,65 years and over,Sleeping,Both
306,2009,Annual,9.2,0.067,Weekend days and holidays,65 years and over,Sleeping,Both
307,2010,Annual,9.2,0.076,Weekend days and holidays,65 years and over,Sleeping,Both
308,2011,Annual,9.27,0.0729999999999999,Weekend days and holidays,65 years and over,Sleeping,Both
309,2012,Annual,9.08,0.077,Weekend days and holidays,65 years and over,Sleeping,Both
310,2013,Annual,9.12,0.063,Weekend days and holidays,65 years and over,Sleeping,Both
311,2014,Annual,9.12,0.072,Weekend days and holidays,65 years and over,Sleeping,Both
312,2015,Annual,9.23,0.062,Weekend days and holidays,65 years and over,Sleeping,Both
313,2016,Annual,9.11,0.067,Weekend days and holidays,65 years and over,Sleeping,Both
314,2017,Annual,9.03,0.077,Weekend days and holidays,65 years and over,Sleeping,Both
315,2003,Annual,8.48,0.031,All days,15 years and over,Sleeping,Men
316,2004,Annual,8.48,0.04,All days,15 years and over,Sleeping,Men
317,2005,Annual,8.53,0.034,All days,15 years and over,Sleeping,Men
318,2006,Annual,8.56,0.035,All days,15 years and over,Sleeping,Men
319,2007,Annual,8.52,0.038,All days,15 years and over,Sleeping,Men
320,2008,Annual,8.56,0.033,All days,15 years and over,Sleeping,Men
321,2009,Annual,8.62,0.041,All days,15 years and over,Sleeping,Men
322,2010,Annual,8.56,0.035,All days,15 years and over,Sleeping,Men
323,2011,Annual,8.62,0.036,All days,15 years and over,Sleeping,Men
324,2012,Annual,8.6,0.041,All days,15 years and over,Sleeping,Men
325,2013,Annual,8.65,0.041,All days,15 years and over,Sleeping,Men
326,2014,Annual,8.69,0.036,All days,15 years and over,Sleeping,Men
327,2015,Annual,8.77,0.045,All days,15 years and over,Sleeping,Men
328,2016,Annual,8.69,0.043,All days,15 years and over,Sleeping,Men
329,2017,Annual,8.7,0.04,All days,15 years and over,Sleeping,Men
330,2003,Annual,8.16,0.039,Nonholiday weekdays,15 years and over,Sleeping,Men
331,2004,Annual,8.16,0.053,Nonholiday weekdays,15 years and over,Sleeping,Men
332,2005,Annual,8.25,0.045,Nonholiday weekdays,15 years and over,Sleeping,Men
333,2006,Annual,8.26,0.045,Nonholiday weekdays,15 years and over,Sleeping,Men
334,2007,Annual,8.2,0.05,Nonholiday weekdays,15 years and over,Sleeping,Men
335,2008,Annual,8.27,0.045,Nonholiday weekdays,15 years and over,Sleeping,Men
336,2009,Annual,8.31,0.053,Nonholiday weekdays,15 years and over,Sleeping,Men
337,2010,Annual,8.27,0.047,Nonholiday weekdays,15 years and over,Sleeping,Men
338,2011,Annual,8.33,0.046,Nonholiday weekdays,15 years and over,Sleeping,Men
339,2012,Annual,8.28,0.052,Nonholiday weekdays,15 years and over,Sleeping,Men
340,2013,Annual,8.38,0.053,Nonholiday weekdays,15 years and over,Sleeping,Men
341,2014,Annual,8.44,0.047,Nonholiday weekdays,15 years and over,Sleeping,Men
342,2015,Annual,8.52,0.058,Nonholiday weekdays,15 years and over,Sleeping,Men
343,2016,Annual,8.36,0.056,Nonholiday weekdays,15 years and over,Sleeping,Men
344,2017,Annual,8.4,0.055,Nonholiday weekdays,15 years and over,Sleeping,Men
345,2003,Annual,9.22,0.044,Weekend days and holidays,15 years and over,Sleeping,Men
346,2004,Annual,9.23,0.046,Weekend days and holidays,15 years and over,Sleeping,Men
347,2005,Annual,9.22,0.06,Weekend days and holidays,15 years and over,Sleeping,Men
348,2006,Annual,9.28,0.055,Weekend days and holidays,15 years and over,Sleeping,Men
349,2007,Annual,9.24,0.055,Weekend days and holidays,15 years and over,Sleeping,Men
350,2008,Annual,9.25,0.055,Weekend days and holidays,15 years and over,Sleeping,Men
351,2009,Annual,9.33,0.048,Weekend days and holidays,15 years and over,Sleeping,Men
352,2010,Annual,9.28,0.046,Weekend days and holidays,15 years and over,Sleeping,Men
353,2011,Annual,9.31,0.059,Weekend days and holidays,15 years and over,Sleeping,Men
354,2012,Annual,9.33,0.059,Weekend days and holidays,15 years and over,Sleeping,Men
355,2013,Annual,9.3,0.056,Weekend days and holidays,15 years and over,Sleeping,Men
356,2014,Annual,9.26,0.053,Weekend days and holidays,15 years and over,Sleeping,Men
357,2015,Annual,9.34,0.061,Weekend days and holidays,15 years and over,Sleeping,Men
358,2016,Annual,9.47,0.061,Weekend days and holidays,15 years and over,Sleeping,Men
359,2017,Annual,9.38,0.053,Weekend days and holidays,15 years and over,Sleeping,Men
360,2003,Annual,9.14,0.095,All days,15 to 24 years,Sleeping,Men
361,2004,Annual,9.12,0.109,All days,15 to 24 years,Sleeping,Men
362,2005,Annual,9.2,0.118,All days,15 to 24 years,Sleeping,Men
363,2006,Annual,9.21,0.108,All days,15 to 24 years,Sleeping,Men
364,2007,Annual,9.03,0.125,All days,15 to 24 years,Sleeping,Men
365,2008,Annual,9.27,0.122,All days,15 to 24 years,Sleeping,Men
366,2009,Annual,9.56,0.136,All days,15 to 24 years,Sleeping,Men
367,2010,Annual,9.21,0.117,All days,15 to 24 years,Sleeping,Men
368,2011,Annual,9.33,0.107,All days,15 to 24 years,Sleeping,Men
369,2012,Annual,9.16,0.118,All days,15 to 24 years,Sleeping,Men
370,2013,Annual,9.3,0.14,All days,15 to 24 years,Sleeping,Men
371,2014,Annual,9.47,0.118,All days,15 to 24 years,Sleeping,Men
372,2015,Annual,9.51,0.162,All days,15 to 24 years,Sleeping,Men
373,2016,Annual,9.59,0.15,All days,15 to 24 years,Sleeping,Men
374,2017,Annual,9.78,0.133,All days,15 to 24 years,Sleeping,Men
375,2003,Annual,8.73,0.131,Nonholiday weekdays,15 to 24 years,Sleeping,Men
376,2004,Annual,8.65,0.143,Nonholiday weekdays,15 to 24 years,Sleeping,Men
377,2005,Annual,8.88,0.154,Nonholiday weekdays,15 to 24 years,Sleeping,Men
378,2006,Annual,8.93,0.133,Nonholiday weekdays,15 to 24 years,Sleeping,Men
379,2007,Annual,8.58,0.163,Nonholiday weekdays,15 to 24 years,Sleeping,Men
380,2008,Annual,8.9,0.153,Nonholiday weekdays,15 to 24 years,Sleeping,Men
381,2009,Annual,9.25,0.177,Nonholiday weekdays,15 to 24 years,Sleeping,Men
382,2010,Annual,8.88,0.159,Nonholiday weekdays,15 to 24 years,Sleeping,Men
383,2011,Annual,9.01,0.136,Nonholiday weekdays,15 to 24 years,Sleeping,Men
384,2012,Annual,8.68,0.158,Nonholiday weekdays,15 to 24 years,Sleeping,Men
385,2013,Annual,8.93,0.164,Nonholiday weekdays,15 to 24 years,Sleeping,Men
386,2014,Annual,9.33,0.158,Nonholiday weekdays,15 to 24 years,Sleeping,Men
387,2015,Annual,9.35,0.214,Nonholiday weekdays,15 to 24 years,Sleeping,Men
388,2016,Annual,9.14,0.189,Nonholiday weekdays,15 to 24 years,Sleeping,Men
389,2017,Annual,9.46,0.184,Nonholiday weekdays,15 to 24 years,Sleeping,Men
390,2003,Annual,10.13,0.133,Weekend days and holidays,15 to 24 years,Sleeping,Men
391,2004,Annual,10.25,0.156,Weekend days and holidays,15 to 24 years,Sleeping,Men
392,2005,Annual,9.96,0.164,Weekend days and holidays,15 to 24 years,Sleeping,Men
393,2006,Annual,9.88,0.18,Weekend days and holidays,15 to 24 years,Sleeping,Men
394,2007,Annual,9.99,0.182,Weekend days and holidays,15 to 24 years,Sleeping,Men
395,2008,Annual,10.13,0.18,Weekend days and holidays,15 to 24 years,Sleeping,Men
396,2009,Annual,10.31,0.149,Weekend days and holidays,15 to 24 years,Sleeping,Men
397,2010,Annual,9.99,0.148,Weekend days and holidays,15 to 24 years,Sleeping,Men
398,2011,Annual,10.11,0.187,Weekend days and holidays,15 to 24 years,Sleeping,Men
399,2012,Annual,10.24,0.153,Weekend days and holidays,15 to 24 years,Sleeping,Men
400,2013,Annual,10.18,0.228,Weekend days and holidays,15 to 24 years,Sleeping,Men
401,2014,Annual,9.8,0.134,Weekend days and holidays,15 to 24 years,Sleeping,Men
402,2015,Annual,9.9,0.217,Weekend days and holidays,15 to 24 years,Sleeping,Men
403,2016,Annual,10.65,0.189,Weekend days and holidays,15 to 24 years,Sleeping,Men
404,2017,Annual,10.46,0.163,Weekend days and holidays,15 to 24 years,Sleeping,Men
405,2003,Annual,8.3,0.066,All days,25 to 34 years,Sleeping,Men
406,2004,Annual,8.42,0.118,All days,25 to 34 years,Sleeping,Men
407,2005,Annual,8.44,0.092,All days,25 to 34 years,Sleeping,Men
408,2006,Annual,8.4,0.096,All days,25 to 34 years,Sleeping,Men
409,2007,Annual,8.45,0.108,All days,25 to 34 years,Sleeping,Men
410,2008,Annual,8.48,0.093,All days,25 to 34 years,Sleeping,Men
411,2009,Annual,8.48,0.103,All days,25 to 34 years,Sleeping,Men
412,2010,Annual,8.28,0.097,All days,25 to 34 years,Sleeping,Men
413,2011,Annual,8.37,0.1,All days,25 to 34 years,Sleeping,Men
414,2012,Annual,8.55,0.093,All days,25 to 34 years,Sleeping,Men
415,2013,Annual,8.45,0.104,All days,25 to 34 years,Sleeping,Men
416,2014,Annual,8.62,0.1,All days,25 to 34 years,Sleeping,Men
417,2015,Annual,8.79,0.122,All days,25 to 34 years,Sleeping,Men
418,2016,Annual,8.54,0.101,All days,25 to 34 years,Sleeping,Men
419,2017,Annual,8.47,0.116,All days,25 to 34 years,Sleeping,Men
420,2003,Annual,7.91,0.079,Nonholiday weekdays,25 to 34 years,Sleeping,Men
421,2004,Annual,8.0,0.157,Nonholiday weekdays,25 to 34 years,Sleeping,Men
422,2005,Annual,8.01,0.114,Nonholiday weekdays,25 to 34 years,Sleeping,Men
423,2006,Annual,7.94,0.121,Nonholiday weekdays,25 to 34 years,Sleeping,Men
424,2007,Annual,8.02,0.143,Nonholiday weekdays,25 to 34 years,Sleeping,Men
425,2008,Annual,8.13,0.12,Nonholiday weekdays,25 to 34 years,Sleeping,Men
426,2009,Annual,8.13,0.133,Nonholiday weekdays,25 to 34 years,Sleeping,Men
427,2010,Annual,7.91,0.117,Nonholiday weekdays,25 to 34 years,Sleeping,Men
428,2011,Annual,7.94,0.131,Nonholiday weekdays,25 to 34 years,Sleeping,Men
429,2012,Annual,8.25,0.118,Nonholiday weekdays,25 to 34 years,Sleeping,Men
430,2013,Annual,8.12,0.137,Nonholiday weekdays,25 to 34 years,Sleeping,Men
431,2014,Annual,8.31,0.127,Nonholiday weekdays,25 to 34 years,Sleeping,Men
432,2015,Annual,8.55,0.154,Nonholiday weekdays,25 to 34 years,Sleeping,Men
433,2016,Annual,8.17,0.128,Nonholiday weekdays,25 to 34 years,Sleeping,Men
434,2017,Annual,8.02,0.157,Nonholiday weekdays,25 to 34 years,Sleeping,Men
435,2003,Annual,9.23,0.106,Weekend days and holidays,25 to 34 years,Sleeping,Men
436,2004,Annual,9.38,0.118,Weekend days and holidays,25 to 34 years,Sleeping,Men
437,2005,Annual,9.46,0.163,Weekend days and holidays,25 to 34 years,Sleeping,Men
438,2006,Annual,9.5,0.117,Weekend days and holidays,25 to 34 years,Sleeping,Men
439,2007,Annual,9.43,0.138,Weekend days and holidays,25 to 34 years,Sleeping,Men
440,2008,Annual,9.32,0.149,Weekend days and holidays,25 to 34 years,Sleeping,Men
441,2009,Annual,9.34,0.133,Weekend days and holidays,25 to 34 years,Sleeping,Men
442,2010,Annual,9.17,0.136,Weekend days and holidays,25 to 34 years,Sleeping,Men
443,2011,Annual,9.34,0.171,Weekend days and holidays,25 to 34 years,Sleeping,Men
444,2012,Annual,9.28,0.13,Weekend days and holidays,25 to 34 years,Sleeping,Men
445,2013,Annual,9.22,0.13,Weekend days and holidays,25 to 34 years,Sleeping,Men
446,2014,Annual,9.32,0.135,Weekend days and holidays,25 to 34 years,Sleeping,Men
447,2015,Annual,9.33,0.151,Weekend days and holidays,25 to 34 years,Sleeping,Men
448,2016,Annual,9.45,0.118,Weekend days and holidays,25 to 34 years,Sleeping,Men
449,2017,Annual,9.45,0.148,Weekend days and holidays,25 to 34 years,Sleeping,Men
450,2003,Annual,8.2,0.059,All days,35 to 44 years,Sleeping,Men
451,2004,Annual,8.2,0.085,All days,35 to 44 years,Sleeping,Men
452,2005,Annual,8.36,0.068,All days,35 to 44 years,Sleeping,Men
453,2006,Annual,8.28,0.078,All days,35 to 44 years,Sleeping,Men
454,2007,Annual,8.28,0.079,All days,35 to 44 years,Sleeping,Men
455,2008,Annual,8.31,0.07,All days,35 to 44 years,Sleeping,Men
456,2009,Annual,8.28,0.071,All days,35 to 44 years,Sleeping,Men
457,2010,Annual,8.29,0.076,All days,35 to 44 years,Sleeping,Men
458,2011,Annual,8.35,0.077,All days,35 to 44 years,Sleeping,Men
459,2012,Annual,8.33,0.076,All days,35 to 44 years,Sleeping,Men
460,2013,Annual,8.37,0.068,All days,35 to 44 years,Sleeping,Men
461,2014,Annual,8.19,0.0859999999999999,All days,35 to 44 years,Sleeping,Men
462,2015,Annual,8.67,0.123,All days,35 to 44 years,Sleeping,Men
463,2016,Annual,8.41,0.107,All days,35 to 44 years,Sleeping,Men
464,2017,Annual,8.36,0.097,All days,35 to 44 years,Sleeping,Men
465,2003,Annual,7.86,0.0749999999999999,Nonholiday weekdays,35 to 44 years,Sleeping,Men
466,2004,Annual,7.88,0.111,Nonholiday weekdays,35 to 44 years,Sleeping,Men
467,2005,Annual,8.03,0.096,Nonholiday weekdays,35 to 44 years,Sleeping,Men
468,2006,Annual,7.95,0.102,Nonholiday weekdays,35 to 44 years,Sleeping,Men
469,2007,Annual,7.98,0.105,Nonholiday weekdays,35 to 44 years,Sleeping,Men
470,2008,Annual,7.99,0.09,Nonholiday weekdays,35 to 44 years,Sleeping,Men
471,2009,Annual,7.93,0.092,Nonholiday weekdays,35 to 44 years,Sleeping,Men
472,2010,Annual,7.96,0.097,Nonholiday weekdays,35 to 44 years,Sleeping,Men
473,2011,Annual,8.0,0.107,Nonholiday weekdays,35 to 44 years,Sleeping,Men
474,2012,Annual,8.01,0.102,Nonholiday weekdays,35 to 44 years,Sleeping,Men
475,2013,Annual,8.01,0.0869999999999999,Nonholiday weekdays,35 to 44 years,Sleeping,Men
476,2014,Annual,7.78,0.102,Nonholiday weekdays,35 to 44 years,Sleeping,Men
477,2015,Annual,8.33,0.162,Nonholiday weekdays,35 to 44 years,Sleeping,Men
478,2016,Annual,8.06,0.153,Nonholiday weekdays,35 to 44 years,Sleeping,Men
479,2017,Annual,7.97,0.126,Nonholiday weekdays,35 to 44 years,Sleeping,Men
480,2003,Annual,9.0,0.07,Weekend days and holidays,35 to 44 years,Sleeping,Men
481,2004,Annual,8.99,0.099,Weekend days and holidays,35 to 44 years,Sleeping,Men
482,2005,Annual,9.16,0.1,Weekend days and holidays,35 to 44 years,Sleeping,Men
483,2006,Annual,9.05,0.099,Weekend days and holidays,35 to 44 years,Sleeping,Men
484,2007,Annual,9.0,0.101,Weekend days and holidays,35 to 44 years,Sleeping,Men
485,2008,Annual,9.06,0.128,Weekend days and holidays,35 to 44 years,Sleeping,Men
486,2009,Annual,9.08,0.097,Weekend days and holidays,35 to 44 years,Sleeping,Men
487,2010,Annual,9.11,0.118,Weekend days and holidays,35 to 44 years,Sleeping,Men
488,2011,Annual,9.17,0.111,Weekend days and holidays,35 to 44 years,Sleeping,Men
489,2012,Annual,9.09,0.107,Weekend days and holidays,35 to 44 years,Sleeping,Men
490,2013,Annual,9.21,0.113,Weekend days and holidays,35 to 44 years,Sleeping,Men
491,2014,Annual,9.16,0.118,Weekend days and holidays,35 to 44 years,Sleeping,Men
492,2015,Annual,9.48,0.127,Weekend days and holidays,35 to 44 years,Sleeping,Men
493,2016,Annual,9.27,0.135,Weekend days and holidays,35 to 44 years,Sleeping,Men
494,2017,Annual,9.28,0.128,Weekend days and holidays,35 to 44 years,Sleeping,Men
495,2003,Annual,8.08,0.056,All days,45 to 54 years,Sleeping,Men
496,2004,Annual,8.11,0.082,All days,45 to 54 years,Sleeping,Men
497,2005,Annual,8.03,0.08,All days,45 to 54 years,Sleeping,Men
498,2006,Annual,8.2,0.082,All days,45 to 54 years,Sleeping,Men
499,2007,Annual,8.18,0.0859999999999999,All days,45 to 54 years,Sleeping,Men
500,2008,Annual,8.16,0.076,All days,45 to 54 years,Sleeping,Men
501,2009,Annual,8.17,0.064,All days,45 to 54 years,Sleeping,Men
502,2010,Annual,8.15,0.072,All days,45 to 54 years,Sleeping,Men
503,2011,Annual,8.23,0.072,All days,45 to 54 years,Sleeping,Men
504,2012,Annual,8.38,0.0859999999999999,All days,45 to 54 years,Sleeping,Men
505,2013,Annual,8.4,0.083,All days,45 to 54 years,Sleeping,Men
506,2014,Annual,8.46,0.082,All days,45 to 54 years,Sleeping,Men
507,2015,Annual,8.22,0.08,All days,45 to 54 years,Sleeping,Men
508,2016,Annual,8.17,0.079,All days,45 to 54 years,Sleeping,Men
509,2017,Annual,8.47,0.109,All days,45 to 54 years,Sleeping,Men
510,2003,Annual,7.76,0.0739999999999999,Nonholiday weekdays,45 to 54 years,Sleeping,Men
511,2004,Annual,7.83,0.109,Nonholiday weekdays,45 to 54 years,Sleeping,Men
512,2005,Annual,7.72,0.102,Nonholiday weekdays,45 to 54 years,Sleeping,Men
513,2006,Annual,7.87,0.108,Nonholiday weekdays,45 to 54 years,Sleeping,Men
514,2007,Annual,7.85,0.103,Nonholiday weekdays,45 to 54 years,Sleeping,Men
515,2008,Annual,7.81,0.1,Nonholiday weekdays,45 to 54 years,Sleeping,Men
516,2009,Annual,7.82,0.08,Nonholiday weekdays,45 to 54 years,Sleeping,Men
517,2010,Annual,7.79,0.101,Nonholiday weekdays,45 to 54 years,Sleeping,Men
518,2011,Annual,7.95,0.091,Nonholiday weekdays,45 to 54 years,Sleeping,Men
519,2012,Annual,8.03,0.095,Nonholiday weekdays,45 to 54 years,Sleeping,Men
520,2013,Annual,8.15,0.106,Nonholiday weekdays,45 to 54 years,Sleeping,Men
521,2014,Annual,8.12,0.101,Nonholiday weekdays,45 to 54 years,Sleeping,Men
522,2015,Annual,7.81,0.099,Nonholiday weekdays,45 to 54 years,Sleeping,Men
523,2016,Annual,7.78,0.101,Nonholiday weekdays,45 to 54 years,Sleeping,Men
524,2017,Annual,8.23,0.15,Nonholiday weekdays,45 to 54 years,Sleeping,Men
525,2003,Annual,8.82,0.09,Weekend days and holidays,45 to 54 years,Sleeping,Men
526,2004,Annual,8.75,0.099,Weekend days and holidays,45 to 54 years,Sleeping,Men
527,2005,Annual,8.81,0.119,Weekend days and holidays,45 to 54 years,Sleeping,Men
528,2006,Annual,8.95,0.129,Weekend days and holidays,45 to 54 years,Sleeping,Men
529,2007,Annual,8.95,0.137,Weekend days and holidays,45 to 54 years,Sleeping,Men
530,2008,Annual,8.97,0.095,Weekend days and holidays,45 to 54 years,Sleeping,Men
531,2009,Annual,8.93,0.121,Weekend days and holidays,45 to 54 years,Sleeping,Men
532,2010,Annual,9.02,0.099,Weekend days and holidays,45 to 54 years,Sleeping,Men
533,2011,Annual,8.89,0.102,Weekend days and holidays,45 to 54 years,Sleeping,Men
534,2012,Annual,9.19,0.151,Weekend days and holidays,45 to 54 years,Sleeping,Men
535,2013,Annual,8.98,0.112,Weekend days and holidays,45 to 54 years,Sleeping,Men
536,2014,Annual,9.25,0.116,Weekend days and holidays,45 to 54 years,Sleeping,Men
537,2015,Annual,9.24,0.131,Weekend days and holidays,45 to 54 years,Sleeping,Men
538,2016,Annual,9.1,0.128,Weekend days and holidays,45 to 54 years,Sleeping,Men
539,2017,Annual,9.07,0.119,Weekend days and holidays,45 to 54 years,Sleeping,Men
540,2003,Annual,8.32,0.068,All days,55 to 64 years,Sleeping,Men
541,2004,Annual,8.3,0.076,All days,55 to 64 years,Sleeping,Men
542,2005,Annual,8.2,0.077,All days,55 to 64 years,Sleeping,Men
543,2006,Annual,8.32,0.095,All days,55 to 64 years,Sleeping,Men
544,2007,Annual,8.32,0.0879999999999999,All days,55 to 64 years,Sleeping,Men
545,2008,Annual,8.24,0.071,All days,55 to 64 years,Sleeping,Men
546,2009,Annual,8.37,0.084,All days,55 to 64 years,Sleeping,Men
547,2010,Annual,8.51,0.077,All days,55 to 64 years,Sleeping,Men
548,2011,Annual,8.4,0.076,All days,55 to 64 years,Sleeping,Men
549,2012,Annual,8.31,0.093,All days,55 to 64 years,Sleeping,Men
550,2013,Annual,8.52,0.084,All days,55 to 64 years,Sleeping,Men
551,2014,Annual,8.35,0.068,All days,55 to 64 years,Sleeping,Men
552,2015,Annual,8.38,0.0869999999999999,All days,55 to 64 years,Sleeping,Men
553,2016,Annual,8.45,0.106,All days,55 to 64 years,Sleeping,Men
554,2017,Annual,8.3,0.0859999999999999,All days,55 to 64 years,Sleeping,Men
555,2003,Annual,8.07,0.083,Nonholiday weekdays,55 to 64 years,Sleeping,Men
556,2004,Annual,8.1,0.095,Nonholiday weekdays,55 to 64 years,Sleeping,Men
557,2005,Annual,7.96,0.096,Nonholiday weekdays,55 to 64 years,Sleeping,Men
558,2006,Annual,7.99,0.115,Nonholiday weekdays,55 to 64 years,Sleeping,Men
559,2007,Annual,8.15,0.109,Nonholiday weekdays,55 to 64 years,Sleeping,Men
560,2008,Annual,7.95,0.091,Nonholiday weekdays,55 to 64 years,Sleeping,Men
561,2009,Annual,8.06,0.098,Nonholiday weekdays,55 to 64 years,Sleeping,Men
562,2010,Annual,8.25,0.09,Nonholiday weekdays,55 to 64 years,Sleeping,Men
563,2011,Annual,8.11,0.1,Nonholiday weekdays,55 to 64 years,Sleeping,Men
564,2012,Annual,8.05,0.121,Nonholiday weekdays,55 to 64 years,Sleeping,Men
565,2013,Annual,8.36,0.12,Nonholiday weekdays,55 to 64 years,Sleeping,Men
566,2014,Annual,8.13,0.092,Nonholiday weekdays,55 to 64 years,Sleeping,Men
567,2015,Annual,8.14,0.11,Nonholiday weekdays,55 to 64 years,Sleeping,Men
568,2016,Annual,8.15,0.121,Nonholiday weekdays,55 to 64 years,Sleeping,Men
569,2017,Annual,8.01,0.101,Nonholiday weekdays,55 to 64 years,Sleeping,Men
570,2003,Annual,8.91,0.103,Weekend days and holidays,55 to 64 years,Sleeping,Men
571,2004,Annual,8.78,0.095,Weekend days and holidays,55 to 64 years,Sleeping,Men
572,2005,Annual,8.77,0.125,Weekend days and holidays,55 to 64 years,Sleeping,Men
573,2006,Annual,9.1,0.158,Weekend days and holidays,55 to 64 years,Sleeping,Men
574,2007,Annual,8.7,0.133,Weekend days and holidays,55 to 64 years,Sleeping,Men
575,2008,Annual,8.91,0.108,Weekend days and holidays,55 to 64 years,Sleeping,Men
576,2009,Annual,9.09,0.129,Weekend days and holidays,55 to 64 years,Sleeping,Men
577,2010,Annual,9.14,0.133,Weekend days and holidays,55 to 64 years,Sleeping,Men
578,2011,Annual,9.07,0.133,Weekend days and holidays,55 to 64 years,Sleeping,Men
579,2012,Annual,8.92,0.161,Weekend days and holidays,55 to 64 years,Sleeping,Men
580,2013,Annual,8.91,0.096,Weekend days and holidays,55 to 64 years,Sleeping,Men
581,2014,Annual,8.88,0.103,Weekend days and holidays,55 to 64 years,Sleeping,Men
582,2015,Annual,8.93,0.124,Weekend days and holidays,55 to 64 years,Sleeping,Men
583,2016,Annual,9.14,0.169,Weekend days and holidays,55 to 64 years,Sleeping,Men
584,2017,Annual,9.0,0.12,Weekend days and holidays,55 to 64 years,Sleeping,Men
585,2003,Annual,8.89,0.066,All days,65 years and over,Sleeping,Men
586,2004,Annual,8.76,0.067,All days,65 years and over,Sleeping,Men
587,2005,Annual,8.98,0.098,All days,65 years and over,Sleeping,Men
588,2006,Annual,9.03,0.081,All days,65 years and over,Sleeping,Men
589,2007,Annual,8.91,0.102,All days,65 years and over,Sleeping,Men
590,2008,Annual,8.95,0.0879999999999999,All days,65 years and over,Sleeping,Men
591,2009,Annual,8.83,0.085,All days,65 years and over,Sleeping,Men
592,2010,Annual,9.0,0.081,All days,65 years and over,Sleeping,Men
593,2011,Annual,9.05,0.092,All days,65 years and over,Sleeping,Men
594,2012,Annual,8.81,0.0749999999999999,All days,65 years and over,Sleeping,Men
595,2013,Annual,8.83,0.078,All days,65 years and over,Sleeping,Men
596,2014,Annual,8.96,0.0869999999999999,All days,65 years and over,Sleeping,Men
597,2015,Annual,8.97,0.078,All days,65 years and over,Sleeping,Men
598,2016,Annual,8.9,0.072,All days,65 years and over,Sleeping,Men
599,2017,Annual,8.75,0.077,All days,65 years and over,Sleeping,Men
600,2003,Annual,8.79,0.084,Nonholiday weekdays,65 years and over,Sleeping,Men
601,2004,Annual,8.63,0.092,Nonholiday weekdays,65 years and over,Sleeping,Men
602,2005,Annual,8.99,0.124,Nonholiday weekdays,65 years and over,Sleeping,Men
603,2006,Annual,8.99,0.108,Nonholiday weekdays,65 years and over,Sleeping,Men
604,2007,Annual,8.79,0.133,Nonholiday weekdays,65 years and over,Sleeping,Men
605,2008,Annual,8.95,0.116,Nonholiday weekdays,65 years and over,Sleeping,Men
606,2009,Annual,8.68,0.116,Nonholiday weekdays,65 years and over,Sleeping,Men
607,2010,Annual,8.93,0.098,Nonholiday weekdays,65 years and over,Sleeping,Men
608,2011,Annual,8.97,0.119,Nonholiday weekdays,65 years and over,Sleeping,Men
609,2012,Annual,8.68,0.097,Nonholiday weekdays,65 years and over,Sleeping,Men
610,2013,Annual,8.67,0.099,Nonholiday weekdays,65 years and over,Sleeping,Men
611,2014,Annual,8.9,0.113,Nonholiday weekdays,65 years and over,Sleeping,Men
612,2015,Annual,8.89,0.102,Nonholiday weekdays,65 years and over,Sleeping,Men
613,2016,Annual,8.81,0.094,Nonholiday weekdays,65 years and over,Sleeping,Men
614,2017,Annual,8.68,0.106,Nonholiday weekdays,65 years and over,Sleeping,Men
615,2003,Annual,9.12,0.082,Weekend days and holidays,65 years and over,Sleeping,Men
616,2004,Annual,9.07,0.096,Weekend days and holidays,65 years and over,Sleeping,Men
617,2005,Annual,8.97,0.118,Weekend days and holidays,65 years and over,Sleeping,Men
618,2006,Annual,9.12,0.104,Weekend days and holidays,65 years and over,Sleeping,Men
619,2007,Annual,9.21,0.118,Weekend days and holidays,65 years and over,Sleeping,Men
620,2008,Annual,8.93,0.134,Weekend days and holidays,65 years and over,Sleeping,Men
621,2009,Annual,9.19,0.106,Weekend days and holidays,65 years and over,Sleeping,Men
622,2010,Annual,9.17,0.115,Weekend days and holidays,65 years and over,Sleeping,Men
623,2011,Annual,9.25,0.125,Weekend days and holidays,65 years and over,Sleeping,Men
624,2012,Annual,9.1,0.105,Weekend days and holidays,65 years and over,Sleeping,Men
625,2013,Annual,9.2,0.091,Weekend days and holidays,65 years and over,Sleeping,Men
626,2014,Annual,9.1,0.105,Weekend days and holidays,65 years and over,Sleeping,Men
627,2015,Annual,9.15,0.091,Weekend days and holidays,65 years and over,Sleeping,Men
628,2016,Annual,9.12,0.101,Weekend days and holidays,65 years and over,Sleeping,Men
629,2017,Annual,8.89,0.116,Weekend days and holidays,65 years and over,Sleeping,Men
630,2003,Annual,8.65,0.022,All days,15 years and over,Sleeping,Women
631,2004,Annual,8.61,0.028,All days,15 years and over,Sleeping,Women
632,2005,Annual,8.71,0.029,All days,15 years and over,Sleeping,Women
633,2006,Annual,8.69,0.035,All days,15 years and over,Sleeping,Women
634,2007,Annual,8.63,0.03,All days,15 years and over,Sleeping,Women
635,2008,Annual,8.64,0.034,All days,15 years and over,Sleeping,Women
636,2009,Annual,8.73,0.03,All days,15 years and over,Sleeping,Women
637,2010,Annual,8.76,0.033,All days,15 years and over,Sleeping,Women
638,2011,Annual,8.8,0.035,All days,15 years and over,Sleeping,Women
639,2012,Annual,8.86,0.033,All days,15 years and over,Sleeping,Women
640,2013,Annual,8.82,0.034,All days,15 years and over,Sleeping,Women
641,2014,Annual,8.9,0.034,All days,15 years and over,Sleeping,Women
642,2015,Annual,8.9,0.033,All days,15 years and over,Sleeping,Women
643,2016,Annual,8.88,0.037,All days,15 years and over,Sleeping,Women
644,2017,Annual,8.9,0.037,All days,15 years and over,Sleeping,Women
645,2003,Annual,9.34,0.029,Weekend days and holidays,15 years and over,Sleeping,Women
646,2004,Annual,9.27,0.037,Weekend days and holidays,15 years and over,Sleeping,Women
647,2005,Annual,9.34,0.042,Weekend days and holidays,15 years and over,Sleeping,Women
648,2006,Annual,9.36,0.047,Weekend days and holidays,15 years and over,Sleeping,Women
649,2007,Annual,9.24,0.043,Weekend days and holidays,15 years and over,Sleeping,Women
650,2008,Annual,9.36,0.047,Weekend days and holidays,15 years and over,Sleeping,Women
651,2009,Annual,9.34,0.045,Weekend days and holidays,15 years and over,Sleeping,Women
652,2010,Annual,9.4,0.046,Weekend days and holidays,15 years and over,Sleeping,Women
653,2011,Annual,9.39,0.054,Weekend days and holidays,15 years and over,Sleeping,Women
654,2012,Annual,9.46,0.048,Weekend days and holidays,15 years and over,Sleeping,Women
655,2013,Annual,9.38,0.052,Weekend days and holidays,15 years and over,Sleeping,Women
656,2014,Annual,9.52,0.049,Weekend days and holidays,15 years and over,Sleeping,Women
657,2015,Annual,9.46,0.047,Weekend days and holidays,15 years and over,Sleeping,Women
658,2016,Annual,9.49,0.051,Weekend days and holidays,15 years and over,Sleeping,Women
659,2017,Annual,9.49,0.05,Weekend days and holidays,15 years and over,Sleeping,Women
660,2003,Annual,8.36,0.028,Nonholiday weekdays,15 years and over,Sleeping,Women
661,2004,Annual,8.33,0.038,Nonholiday weekdays,15 years and over,Sleeping,Women
662,2005,Annual,8.45,0.038,Nonholiday weekdays,15 years and over,Sleeping,Women
663,2006,Annual,8.4,0.045,Nonholiday weekdays,15 years and over,Sleeping,Women
664,2007,Annual,8.36,0.041,Nonholiday weekdays,15 years and over,Sleeping,Women
665,2008,Annual,8.33,0.044,Nonholiday weekdays,15 years and over,Sleeping,Women
666,2009,Annual,8.47,0.039,Nonholiday weekdays,15 years and over,Sleeping,Women
667,2010,Annual,8.49,0.042,Nonholiday weekdays,15 years and over,Sleeping,Women
668,2011,Annual,8.56,0.045,Nonholiday weekdays,15 years and over,Sleeping,Women
669,2012,Annual,8.6,0.043,Nonholiday weekdays,15 years and over,Sleeping,Women
670,2013,Annual,8.57,0.047,Nonholiday weekdays,15 years and over,Sleeping,Women
671,2014,Annual,8.63,0.042,Nonholiday weekdays,15 years and over,Sleeping,Women
672,2015,Annual,8.66,0.045,Nonholiday weekdays,15 years and over,Sleeping,Women
673,2016,Annual,8.62,0.047,Nonholiday weekdays,15 years and over,Sleeping,Women
674,2017,Annual,8.65,0.047,Nonholiday weekdays,15 years and over,Sleeping,Women
675,2003,Annual,9.16,0.075,All days,15 to 24 years,Sleeping,Women
676,2004,Annual,9.34,0.105,All days,15 to 24 years,Sleeping,Women
677,2005,Annual,9.35,0.094,All days,15 to 24 years,Sleeping,Women
678,2006,Annual,9.17,0.097,All days,15 to 24 years,Sleeping,Women
679,2007,Annual,9.2,0.107,All days,15 to 24 years,Sleeping,Women
680,2008,Annual,9.13,0.119,All days,15 to 24 years,Sleeping,Women
681,2009,Annual,9.33,0.098,All days,15 to 24 years,Sleeping,Women
682,2010,Annual,9.27,0.115,All days,15 to 24 years,Sleeping,Women
683,2011,Annual,9.31,0.111,All days,15 to 24 years,Sleeping,Women
684,2012,Annual,9.53,0.112,All days,15 to 24 years,Sleeping,Women
685,2013,Annual,9.38,0.128,All days,15 to 24 years,Sleeping,Women
686,2014,Annual,9.6,0.131,All days,15 to 24 years,Sleeping,Women
687,2015,Annual,9.64,0.129,All days,15 to 24 years,Sleeping,Women
688,2016,Annual,9.5,0.143,All days,15 to 24 years,Sleeping,Women
689,2017,Annual,9.66,0.136,All days,15 to 24 years,Sleeping,Women
690,2003,Annual,10.07,0.093,Weekend days and holidays,15 to 24 years,Sleeping,Women
691,2004,Annual,10.32,0.137,Weekend days and holidays,15 to 24 years,Sleeping,Women
692,2005,Annual,9.83,0.122,Weekend days and holidays,15 to 24 years,Sleeping,Women
693,2006,Annual,10.18,0.131,Weekend days and holidays,15 to 24 years,Sleeping,Women
694,2007,Annual,10.0,0.141,Weekend days and holidays,15 to 24 years,Sleeping,Women
695,2008,Annual,9.96,0.167,Weekend days and holidays,15 to 24 years,Sleeping,Women
696,2009,Annual,9.78,0.16,Weekend days and holidays,15 to 24 years,Sleeping,Women
697,2010,Annual,9.93,0.151,Weekend days and holidays,15 to 24 years,Sleeping,Women
698,2011,Annual,10.15,0.187,Weekend days and holidays,15 to 24 years,Sleeping,Women
699,2012,Annual,10.26,0.142,Weekend days and holidays,15 to 24 years,Sleeping,Women
700,2013,Annual,10.15,0.17,Weekend days and holidays,15 to 24 years,Sleeping,Women
701,2014,Annual,10.32,0.16,Weekend days and holidays,15 to 24 years,Sleeping,Women
702,2015,Annual,10.15,0.191,Weekend days and holidays,15 to 24 years,Sleeping,Women
703,2016,Annual,10.52,0.171,Weekend days and holidays,15 to 24 years,Sleeping,Women
704,2017,Annual,10.5,0.163,Weekend days and holidays,15 to 24 years,Sleeping,Women
705,2003,Annual,8.78,0.1,Nonholiday weekdays,15 to 24 years,Sleeping,Women
706,2004,Annual,8.93,0.144,Nonholiday weekdays,15 to 24 years,Sleeping,Women
707,2005,Annual,9.15,0.125,Nonholiday weekdays,15 to 24 years,Sleeping,Women
708,2006,Annual,8.75,0.131,Nonholiday weekdays,15 to 24 years,Sleeping,Women
709,2007,Annual,8.84,0.133,Nonholiday weekdays,15 to 24 years,Sleeping,Women
710,2008,Annual,8.76,0.15,Nonholiday weekdays,15 to 24 years,Sleeping,Women
711,2009,Annual,9.13,0.13,Nonholiday weekdays,15 to 24 years,Sleeping,Women
712,2010,Annual,9.0,0.15,Nonholiday weekdays,15 to 24 years,Sleeping,Women
713,2011,Annual,8.96,0.134,Nonholiday weekdays,15 to 24 years,Sleeping,Women
714,2012,Annual,9.22,0.152,Nonholiday weekdays,15 to 24 years,Sleeping,Women
715,2013,Annual,9.07,0.174,Nonholiday weekdays,15 to 24 years,Sleeping,Women
716,2014,Annual,9.3,0.168,Nonholiday weekdays,15 to 24 years,Sleeping,Women
717,2015,Annual,9.42,0.154,Nonholiday weekdays,15 to 24 years,Sleeping,Women
718,2016,Annual,9.09,0.181,Nonholiday weekdays,15 to 24 years,Sleeping,Women
719,2017,Annual,9.31,0.178,Nonholiday weekdays,15 to 24 years,Sleeping,Women
720,2003,Annual,8.73,0.056,All days,25 to 34 years,Sleeping,Women
721,2004,Annual,8.51,0.069,All days,25 to 34 years,Sleeping,Women
722,2005,Annual,8.85,0.067,All days,25 to 34 years,Sleeping,Women
723,2006,Annual,8.75,0.082,All days,25 to 34 years,Sleeping,Women
724,2007,Annual,8.69,0.0749999999999999,All days,25 to 34 years,Sleeping,Women
725,2008,Annual,8.6,0.0889999999999999,All days,25 to 34 years,Sleeping,Women
726,2009,Annual,8.61,0.072,All days,25 to 34 years,Sleeping,Women
727,2010,Annual,8.89,0.072,All days,25 to 34 years,Sleeping,Women
728,2011,Annual,8.83,0.064,All days,25 to 34 years,Sleeping,Women
729,2012,Annual,8.97,0.0739999999999999,All days,25 to 34 years,Sleeping,Women
730,2013,Annual,8.85,0.081,All days,25 to 34 years,Sleeping,Women
731,2014,Annual,8.91,0.077,All days,25 to 34 years,Sleeping,Women
732,2015,Annual,8.96,0.084,All days,25 to 34 years,Sleeping,Women
733,2016,Annual,8.87,0.093,All days,25 to 34 years,Sleeping,Women
734,2017,Annual,9.04,0.0889999999999999,All days,25 to 34 years,Sleeping,Women
735,2003,Annual,9.45,0.0749999999999999,Weekend days and holidays,25 to 34 years,Sleeping,Women
736,2004,Annual,9.37,0.0879999999999999,Weekend days and holidays,25 to 34 years,Sleeping,Women
737,2005,Annual,9.74,0.105,Weekend days and holidays,25 to 34 years,Sleeping,Women
738,2006,Annual,9.44,0.099,Weekend days and holidays,25 to 34 years,Sleeping,Women
739,2007,Annual,9.36,0.102,Weekend days and holidays,25 to 34 years,Sleeping,Women
740,2008,Annual,9.58,0.094,Weekend days and holidays,25 to 34 years,Sleeping,Women
741,2009,Annual,9.53,0.103,Weekend days and holidays,25 to 34 years,Sleeping,Women
742,2010,Annual,9.62,0.123,Weekend days and holidays,25 to 34 years,Sleeping,Women
743,2011,Annual,9.43,0.11,Weekend days and holidays,25 to 34 years,Sleeping,Women
744,2012,Annual,9.69,0.124,Weekend days and holidays,25 to 34 years,Sleeping,Women
745,2013,Annual,9.51,0.14,Weekend days and holidays,25 to 34 years,Sleeping,Women
746,2014,Annual,9.72,0.125,Weekend days and holidays,25 to 34 years,Sleeping,Women
747,2015,Annual,9.52,0.118,Weekend days and holidays,25 to 34 years,Sleeping,Women
748,2016,Annual,9.65,0.13,Weekend days and holidays,25 to 34 years,Sleeping,Women
749,2017,Annual,9.68,0.144,Weekend days and holidays,25 to 34 years,Sleeping,Women
750,2003,Annual,8.44,0.0749999999999999,Nonholiday weekdays,25 to 34 years,Sleeping,Women
751,2004,Annual,8.16,0.0879999999999999,Nonholiday weekdays,25 to 34 years,Sleeping,Women
752,2005,Annual,8.47,0.084,Nonholiday weekdays,25 to 34 years,Sleeping,Women
753,2006,Annual,8.45,0.111,Nonholiday weekdays,25 to 34 years,Sleeping,Women
754,2007,Annual,8.41,0.099,Nonholiday weekdays,25 to 34 years,Sleeping,Women
755,2008,Annual,8.2,0.119,Nonholiday weekdays,25 to 34 years,Sleeping,Women
756,2009,Annual,8.23,0.0869999999999999,Nonholiday weekdays,25 to 34 years,Sleeping,Women
757,2010,Annual,8.59,0.09,Nonholiday weekdays,25 to 34 years,Sleeping,Women
758,2011,Annual,8.57,0.084,Nonholiday weekdays,25 to 34 years,Sleeping,Women
759,2012,Annual,8.65,0.091,Nonholiday weekdays,25 to 34 years,Sleeping,Women
760,2013,Annual,8.56,0.096,Nonholiday weekdays,25 to 34 years,Sleeping,Women
761,2014,Annual,8.57,0.102,Nonholiday weekdays,25 to 34 years,Sleeping,Women
762,2015,Annual,8.71,0.112,Nonholiday weekdays,25 to 34 years,Sleeping,Women
763,2016,Annual,8.54,0.124,Nonholiday weekdays,25 to 34 years,Sleeping,Women
764,2017,Annual,8.78,0.113,Nonholiday weekdays,25 to 34 years,Sleeping,Women
765,2003,Annual,8.48,0.053,All days,35 to 44 years,Sleeping,Women
766,2004,Annual,8.3,0.062,All days,35 to 44 years,Sleeping,Women
767,2005,Annual,8.38,0.054,All days,35 to 44 years,Sleeping,Women
768,2006,Annual,8.49,0.0729999999999999,All days,35 to 44 years,Sleeping,Women
769,2007,Annual,8.41,0.071,All days,35 to 44 years,Sleeping,Women
770,2008,Annual,8.44,0.06,All days,35 to 44 years,Sleeping,Women
771,2009,Annual,8.53,0.069,All days,35 to 44 years,Sleeping,Women
772,2010,Annual,8.5,0.072,All days,35 to 44 years,Sleeping,Women
773,2011,Annual,8.51,0.069,All days,35 to 44 years,Sleeping,Women
774,2012,Annual,8.69,0.08,All days,35 to 44 years,Sleeping,Women
775,2013,Annual,8.67,0.068,All days,35 to 44 years,Sleeping,Women
776,2014,Annual,8.63,0.064,All days,35 to 44 years,Sleeping,Women
777,2015,Annual,8.68,0.083,All days,35 to 44 years,Sleeping,Women
778,2016,Annual,8.58,0.064,All days,35 to 44 years,Sleeping,Women
779,2017,Annual,8.77,0.0879999999999999,All days,35 to 44 years,Sleeping,Women
780,2003,Annual,9.31,0.06,Weekend days and holidays,35 to 44 years,Sleeping,Women
781,2004,Annual,8.98,0.08,Weekend days and holidays,35 to 44 years,Sleeping,Women
782,2005,Annual,9.26,0.083,Weekend days and holidays,35 to 44 years,Sleeping,Women
783,2006,Annual,9.28,0.113,Weekend days and holidays,35 to 44 years,Sleeping,Women
784,2007,Annual,9.23,0.0869999999999999,Weekend days and holidays,35 to 44 years,Sleeping,Women
785,2008,Annual,9.27,0.108,Weekend days and holidays,35 to 44 years,Sleeping,Women
786,2009,Annual,9.25,0.09,Weekend days and holidays,35 to 44 years,Sleeping,Women
787,2010,Annual,9.35,0.0889999999999999,Weekend days and holidays,35 to 44 years,Sleeping,Women
788,2011,Annual,9.33,0.13,Weekend days and holidays,35 to 44 years,Sleeping,Women
789,2012,Annual,9.47,0.097,Weekend days and holidays,35 to 44 years,Sleeping,Women
790,2013,Annual,9.42,0.105,Weekend days and holidays,35 to 44 years,Sleeping,Women
791,2014,Annual,9.5,0.101,Weekend days and holidays,35 to 44 years,Sleeping,Women
792,2015,Annual,9.35,0.106,Weekend days and holidays,35 to 44 years,Sleeping,Women
793,2016,Annual,9.41,0.112,Weekend days and holidays,35 to 44 years,Sleeping,Women
794,2017,Annual,9.46,0.112,Weekend days and holidays,35 to 44 years,Sleeping,Women
795,2003,Annual,8.13,0.069,Nonholiday weekdays,35 to 44 years,Sleeping,Women
796,2004,Annual,8.01,0.082,Nonholiday weekdays,35 to 44 years,Sleeping,Women
797,2005,Annual,8.01,0.069,Nonholiday weekdays,35 to 44 years,Sleeping,Women
798,2006,Annual,8.16,0.092,Nonholiday weekdays,35 to 44 years,Sleeping,Women
799,2007,Annual,8.07,0.095,Nonholiday weekdays,35 to 44 years,Sleeping,Women
800,2008,Annual,8.08,0.0729999999999999,Nonholiday weekdays,35 to 44 years,Sleeping,Women
801,2009,Annual,8.23,0.0879999999999999,Nonholiday weekdays,35 to 44 years,Sleeping,Women
802,2010,Annual,8.14,0.097,Nonholiday weekdays,35 to 44 years,Sleeping,Women
803,2011,Annual,8.15,0.08,Nonholiday weekdays,35 to 44 years,Sleeping,Women
804,2012,Annual,8.36,0.102,Nonholiday weekdays,35 to 44 years,Sleeping,Women
805,2013,Annual,8.34,0.0869999999999999,Nonholiday weekdays,35 to 44 years,Sleeping,Women
806,2014,Annual,8.25,0.084,Nonholiday weekdays,35 to 44 years,Sleeping,Women
807,2015,Annual,8.39,0.106,Nonholiday weekdays,35 to 44 years,Sleeping,Women
808,2016,Annual,8.22,0.078,Nonholiday weekdays,35 to 44 years,Sleeping,Women
809,2017,Annual,8.48,0.115,Nonholiday weekdays,35 to 44 years,Sleeping,Women
810,2003,Annual,8.26,0.05,All days,45 to 54 years,Sleeping,Women
811,2004,Annual,8.23,0.059,All days,45 to 54 years,Sleeping,Women
812,2005,Annual,8.36,0.071,All days,45 to 54 years,Sleeping,Women
813,2006,Annual,8.4,0.079,All days,45 to 54 years,Sleeping,Women
814,2007,Annual,8.29,0.072,All days,45 to 54 years,Sleeping,Women
815,2008,Annual,8.39,0.085,All days,45 to 54 years,Sleeping,Women
816,2009,Annual,8.42,0.067,All days,45 to 54 years,Sleeping,Women
817,2010,Annual,8.36,0.0739999999999999,All days,45 to 54 years,Sleeping,Women
818,2011,Annual,8.51,0.092,All days,45 to 54 years,Sleeping,Women
819,2012,Annual,8.46,0.077,All days,45 to 54 years,Sleeping,Women
820,2013,Annual,8.61,0.071,All days,45 to 54 years,Sleeping,Women
821,2014,Annual,8.68,0.081,All days,45 to 54 years,Sleeping,Women
822,2015,Annual,8.49,0.08,All days,45 to 54 years,Sleeping,Women
823,2016,Annual,8.71,0.112,All days,45 to 54 years,Sleeping,Women
824,2017,Annual,8.52,0.098,All days,45 to 54 years,Sleeping,Women
825,2003,Annual,9.04,0.076,Weekend days and holidays,45 to 54 years,Sleeping,Women
826,2004,Annual,9.05,0.0879999999999999,Weekend days and holidays,45 to 54 years,Sleeping,Women
827,2005,Annual,9.08,0.099,Weekend days and holidays,45 to 54 years,Sleeping,Women
828,2006,Annual,9.4,0.106,Weekend days and holidays,45 to 54 years,Sleeping,Women
829,2007,Annual,8.89,0.111,Weekend days and holidays,45 to 54 years,Sleeping,Women
830,2008,Annual,9.13,0.098,Weekend days and holidays,45 to 54 years,Sleeping,Women
831,2009,Annual,9.19,0.114,Weekend days and holidays,45 to 54 years,Sleeping,Women
832,2010,Annual,9.22,0.101,Weekend days and holidays,45 to 54 years,Sleeping,Women
833,2011,Annual,9.14,0.107,Weekend days and holidays,45 to 54 years,Sleeping,Women
834,2012,Annual,9.25,0.13,Weekend days and holidays,45 to 54 years,Sleeping,Women
835,2013,Annual,9.34,0.129,Weekend days and holidays,45 to 54 years,Sleeping,Women
836,2014,Annual,9.49,0.129,Weekend days and holidays,45 to 54 years,Sleeping,Women
837,2015,Annual,9.4,0.105,Weekend days and holidays,45 to 54 years,Sleeping,Women
838,2016,Annual,9.3,0.145,Weekend days and holidays,45 to 54 years,Sleeping,Women
839,2017,Annual,9.22,0.149,Weekend days and holidays,45 to 54 years,Sleeping,Women
840,2003,Annual,7.93,0.061,Nonholiday weekdays,45 to 54 years,Sleeping,Women
841,2004,Annual,7.9,0.0729999999999999,Nonholiday weekdays,45 to 54 years,Sleeping,Women
842,2005,Annual,8.06,0.093,Nonholiday weekdays,45 to 54 years,Sleeping,Women
843,2006,Annual,7.97,0.105,Nonholiday weekdays,45 to 54 years,Sleeping,Women
844,2007,Annual,8.04,0.092,Nonholiday weekdays,45 to 54 years,Sleeping,Women
845,2008,Annual,8.07,0.111,Nonholiday weekdays,45 to 54 years,Sleeping,Women
846,2009,Annual,8.08,0.0869999999999999,Nonholiday weekdays,45 to 54 years,Sleeping,Women
847,2010,Annual,7.99,0.102,Nonholiday weekdays,45 to 54 years,Sleeping,Women
848,2011,Annual,8.25,0.112,Nonholiday weekdays,45 to 54 years,Sleeping,Women
849,2012,Annual,8.12,0.1,Nonholiday weekdays,45 to 54 years,Sleeping,Women
850,2013,Annual,8.29,0.092,Nonholiday weekdays,45 to 54 years,Sleeping,Women
851,2014,Annual,8.33,0.101,Nonholiday weekdays,45 to 54 years,Sleeping,Women
852,2015,Annual,8.12,0.103,Nonholiday weekdays,45 to 54 years,Sleeping,Women
853,2016,Annual,8.47,0.143,Nonholiday weekdays,45 to 54 years,Sleeping,Women
854,2017,Annual,8.22,0.128,Nonholiday weekdays,45 to 54 years,Sleeping,Women
855,2003,Annual,8.39,0.055,All days,55 to 64 years,Sleeping,Women
856,2004,Annual,8.3,0.0729999999999999,All days,55 to 64 years,Sleeping,Women
857,2005,Annual,8.35,0.069,All days,55 to 64 years,Sleeping,Women
858,2006,Annual,8.47,0.083,All days,55 to 64 years,Sleeping,Women
859,2007,Annual,8.2,0.081,All days,55 to 64 years,Sleeping,Women
860,2008,Annual,8.29,0.084,All days,55 to 64 years,Sleeping,Women
861,2009,Annual,8.49,0.072,All days,55 to 64 years,Sleeping,Women
862,2010,Annual,8.49,0.0739999999999999,All days,55 to 64 years,Sleeping,Women
863,2011,Annual,8.54,0.076,All days,55 to 64 years,Sleeping,Women
864,2012,Annual,8.61,0.0729999999999999,All days,55 to 64 years,Sleeping,Women
865,2013,Annual,8.46,0.08,All days,55 to 64 years,Sleeping,Women
866,2014,Annual,8.51,0.065,All days,55 to 64 years,Sleeping,Women
867,2015,Annual,8.63,0.0879999999999999,All days,55 to 64 years,Sleeping,Women
868,2016,Annual,8.61,0.078,All days,55 to 64 years,Sleeping,Women
869,2017,Annual,8.51,0.0859999999999999,All days,55 to 64 years,Sleeping,Women
870,2003,Annual,8.93,0.077,Weekend days and holidays,55 to 64 years,Sleeping,Women
871,2004,Annual,8.79,0.103,Weekend days and holidays,55 to 64 years,Sleeping,Women
872,2005,Annual,8.78,0.103,Weekend days and holidays,55 to 64 years,Sleeping,Women
873,2006,Annual,8.83,0.105,Weekend days and holidays,55 to 64 years,Sleeping,Women
874,2007,Annual,8.76,0.11,Weekend days and holidays,55 to 64 years,Sleeping,Women
875,2008,Annual,8.88,0.113,Weekend days and holidays,55 to 64 years,Sleeping,Women
876,2009,Annual,9.02,0.115,Weekend days and holidays,55 to 64 years,Sleeping,Women
877,2010,Annual,9.03,0.095,Weekend days and holidays,55 to 64 years,Sleeping,Women
878,2011,Annual,8.97,0.116,Weekend days and holidays,55 to 64 years,Sleeping,Women
879,2012,Annual,9.04,0.099,Weekend days and holidays,55 to 64 years,Sleeping,Women
880,2013,Annual,8.84,0.106,Weekend days and holidays,55 to 64 years,Sleeping,Women
881,2014,Annual,9.05,0.097,Weekend days and holidays,55 to 64 years,Sleeping,Women
882,2015,Annual,9.02,0.11,Weekend days and holidays,55 to 64 years,Sleeping,Women
883,2016,Annual,9.09,0.106,Weekend days and holidays,55 to 64 years,Sleeping,Women
884,2017,Annual,9.04,0.098,Weekend days and holidays,55 to 64 years,Sleeping,Women
885,2003,Annual,8.17,0.0729999999999999,Nonholiday weekdays,55 to 64 years,Sleeping,Women
886,2004,Annual,8.1,0.092,Nonholiday weekdays,55 to 64 years,Sleeping,Women
887,2005,Annual,8.17,0.093,Nonholiday weekdays,55 to 64 years,Sleeping,Women
888,2006,Annual,8.32,0.102,Nonholiday weekdays,55 to 64 years,Sleeping,Women
889,2007,Annual,7.98,0.105,Nonholiday weekdays,55 to 64 years,Sleeping,Women
890,2008,Annual,8.04,0.098,Nonholiday weekdays,55 to 64 years,Sleeping,Women
891,2009,Annual,8.27,0.101,Nonholiday weekdays,55 to 64 years,Sleeping,Women
892,2010,Annual,8.27,0.093,Nonholiday weekdays,55 to 64 years,Sleeping,Women
893,2011,Annual,8.35,0.097,Nonholiday weekdays,55 to 64 years,Sleeping,Women
894,2012,Annual,8.44,0.101,Nonholiday weekdays,55 to 64 years,Sleeping,Women
895,2013,Annual,8.29,0.103,Nonholiday weekdays,55 to 64 years,Sleeping,Women
896,2014,Annual,8.29,0.085,Nonholiday weekdays,55 to 64 years,Sleeping,Women
897,2015,Annual,8.47,0.116,Nonholiday weekdays,55 to 64 years,Sleeping,Women
898,2016,Annual,8.4,0.101,Nonholiday weekdays,55 to 64 years,Sleeping,Women
899,2017,Annual,8.29,0.113,Nonholiday weekdays,55 to 64 years,Sleeping,Women
900,2003,Annual,8.84,0.049,All days,65 years and over,Sleeping,Women
901,2004,Annual,8.93,0.054,All days,65 years and over,Sleeping,Women
902,2005,Annual,8.95,0.07,All days,65 years and over,Sleeping,Women
903,2006,Annual,8.82,0.071,All days,65 years and over,Sleeping,Women
904,2007,Annual,8.91,0.071,All days,65 years and over,Sleeping,Women
905,2008,Annual,8.94,0.07,All days,65 years and over,Sleeping,Women
906,2009,Annual,8.96,0.067,All days,65 years and over,Sleeping,Women
907,2010,Annual,9.04,0.072,All days,65 years and over,Sleeping,Women
908,2011,Annual,9.09,0.069,All days,65 years and over,Sleeping,Women
909,2012,Annual,8.87,0.068,All days,65 years and over,Sleeping,Women
910,2013,Annual,8.9,0.063,All days,65 years and over,Sleeping,Women
911,2014,Annual,9.02,0.066,All days,65 years and over,Sleeping,Women
912,2015,Annual,8.97,0.059,All days,65 years and over,Sleeping,Women
913,2016,Annual,8.97,0.054,All days,65 years and over,Sleeping,Women
914,2017,Annual,8.91,0.072,All days,65 years and over,Sleeping,Women
915,2003,Annual,9.18,0.072,Weekend days and holidays,65 years and over,Sleeping,Women
916,2004,Annual,9.05,0.067,Weekend days and holidays,65 years and over,Sleeping,Women
917,2005,Annual,9.28,0.119,Weekend days and holidays,65 years and over,Sleeping,Women
918,2006,Annual,8.94,0.094,Weekend days and holidays,65 years and over,Sleeping,Women
919,2007,Annual,9.13,0.104,Weekend days and holidays,65 years and over,Sleeping,Women
920,2008,Annual,9.31,0.099,Weekend days and holidays,65 years and over,Sleeping,Women
921,2009,Annual,9.21,0.083,Weekend days and holidays,65 years and over,Sleeping,Women
922,2010,Annual,9.22,0.094,Weekend days and holidays,65 years and over,Sleeping,Women
923,2011,Annual,9.29,0.094,Weekend days and holidays,65 years and over,Sleeping,Women
924,2012,Annual,9.06,0.104,Weekend days and holidays,65 years and over,Sleeping,Women
925,2013,Annual,9.06,0.091,Weekend days and holidays,65 years and over,Sleeping,Women
926,2014,Annual,9.13,0.094,Weekend days and holidays,65 years and over,Sleeping,Women
927,2015,Annual,9.3,0.0859999999999999,Weekend days and holidays,65 years and over,Sleeping,Women
928,2016,Annual,9.1,0.081,Weekend days and holidays,65 years and over,Sleeping,Women
929,2017,Annual,9.15,0.1,Weekend days and holidays,65 years and over,Sleeping,Women
930,2003,Annual,8.7,0.06,Nonholiday weekdays,65 years and over,Sleeping,Women
931,2004,Annual,8.88,0.071,Nonholiday weekdays,65 years and over,Sleeping,Women
932,2005,Annual,8.81,0.081,Nonholiday weekdays,65 years and over,Sleeping,Women
933,2006,Annual,8.77,0.097,Nonholiday weekdays,65 years and over,Sleeping,Women
934,2007,Annual,8.82,0.0879999999999999,Nonholiday weekdays,65 years and over,Sleeping,Women
935,2008,Annual,8.79,0.0859999999999999,Nonholiday weekdays,65 years and over,Sleeping,Women
936,2009,Annual,8.86,0.083,Nonholiday weekdays,65 years and over,Sleeping,Women
937,2010,Annual,8.96,0.092,Nonholiday weekdays,65 years and over,Sleeping,Women
938,2011,Annual,9.02,0.085,Nonholiday weekdays,65 years and over,Sleeping,Women
939,2012,Annual,8.79,0.0889999999999999,Nonholiday weekdays,65 years and over,Sleeping,Women
940,2013,Annual,8.83,0.085,Nonholiday weekdays,65 years and over,Sleeping,Women
941,2014,Annual,8.98,0.0859999999999999,Nonholiday weekdays,65 years and over,Sleeping,Women
942,2015,Annual,8.83,0.0739999999999999,Nonholiday weekdays,65 years and over,Sleeping,Women
943,2016,Annual,8.92,0.071,Nonholiday weekdays,65 years and over,Sleeping,Women
944,2017,Annual,8.81,0.091,Nonholiday weekdays,65 years and over,Sleeping,Women
